{"count":1,"self":403.74876159999997,"total":2664.9339691,"children":{"InitializeActuators":{"count":15,"self":0.0030247,"total":0.0030247,"children":null},"InitializeSensors":{"count":15,"self":0.0099058999999999987,"total":0.0099058999999999987,"children":null},"AgentSendState":{"count":55007,"self":2.3531138,"total":1285.0230247,"children":{"CollectObservations":{"count":165030,"self":1.0967456,"total":1.0967456,"children":null},"WriteActionMask":{"count":165030,"self":0.4092519,"total":0.4092519,"children":null},"RequestDecision":{"count":165030,"self":1.9280967999999998,"total":1281.1639134,"children":{"AgentInfo.ToProto":{"count":165030,"self":1.9236372,"total":1279.2358167,"children":{"GenerateSensorData":{"count":165030,"self":16.864451199999998,"total":1277.3121796,"children":{"CameraSensor.GetCompressedObservation":{"count":165030,"self":1260.4477439999998,"total":1260.4477276,"children":null}}}}}}}}},"DecideAction":{"count":55007,"self":923.45815039999991,"total":923.45819299999994,"children":null},"AgentAct":{"count":55007,"self":5.6854152,"total":21.8980817,"children":{"AgentInfo.ToProto":{"count":475,"self":0.0030050999999999997,"total":16.2126663,"children":{"GenerateSensorData":{"count":475,"self":0.056360799999999996,"total":16.2096612,"children":{"CameraSensor.GetCompressedObservation":{"count":475,"self":16.1533008,"total":16.1533004,"children":null}}}}}}},"AgentInfo.ToProto":{"count":1928,"self":0.031991,"total":30.7909771,"children":{"GenerateSensorData":{"count":1928,"self":0.2242959,"total":30.758986099999998,"children":{"CameraSensor.GetCompressedObservation":{"count":1928,"self":30.534691199999997,"total":30.5346902,"children":null}}}}}},"gauges":{"UAVAgent.CumulativeReward":{"count":2403,"max":144.899658,"min":-12.8999977,"runningAverage":19.3492527,"value":3.05001354,"weightedAverage":18.885006}},"metadata":{"timer_format_version":"0.1.0","start_time_seconds":"1634251562","unity_version":"2021.1.3f1","command_line_arguments":"C:\\Program Files\\Unity\\Hub\\Editor\\2021.1.3f1\\Editor\\Unity.exe -projectpath D:\/4Y.CS.1T\/CS174 - Machine Learning\/Agent\/Reinforcement Learning for Simulating Personal Carrier UAV -useHub -hubIPC -cloudEnvironment production -hubSessionId cc2028f0-2bfe-11ec-97d9-937eb3a83222 -accessToken l71dSMsQ-UNvgZoTzQYKmLwjR8ZuSOvuinMacW_dAxA012f","communication_protocol_version":"1.5.0","com.unity.ml-agents_version":"2.1.0-exp.1","scene_name":"TrainingScene","end_time_seconds":"1634254227"}}