{"count":1,"self":394.1801984,"total":18833.0242013,"children":{"InitializeActuators":{"count":9,"self":0.0010228,"total":0.0010228,"children":null},"InitializeSensors":{"count":9,"self":0.0039662,"total":0.0039662,"children":null},"AgentSendState":{"count":323384,"self":4.0517303999999994,"total":4688.8668739999994,"children":{"CollectObservations":{"count":582093,"self":2.0657036,"total":2.0657036,"children":null},"WriteActionMask":{"count":582093,"self":0.68925189999999992,"total":0.68925189999999992,"children":null},"RequestDecision":{"count":582093,"self":3.8564827999999998,"total":4682.0601879999995,"children":{"AgentInfo.ToProto":{"count":582093,"self":3.126284,"total":4678.2037052999995,"children":{"GenerateSensorData":{"count":582093,"self":85.2465472,"total":4675.0774212999995,"children":{"CameraSensor.GetCompressedObservation":{"count":3492558,"self":4589.8309632,"total":4589.8308751999994,"children":null}}}}}}}}},"DecideAction":{"count":323384,"self":12704.350208,"total":12704.3505866,"children":null},"AgentAct":{"count":323384,"self":9.485928,"total":1045.6155415,"children":{"AgentInfo.ToProto":{"count":56849,"self":0.40001899999999996,"total":1036.1296131,"children":{"GenerateSensorData":{"count":56849,"self":8.7601936,"total":1035.7295941,"children":{"CameraSensor.GetCompressedObservation":{"count":341094,"self":1026.9693952,"total":1026.9694004,"children":null}}}}}}}},"gauges":{"UAVAgent.CumulativeReward":{"count":56849,"max":2.2,"min":0,"runningAverage":0.078755036,"value":0,"weightedAverage":0.0665407255}},"metadata":{"timer_format_version":"0.1.0","start_time_seconds":"1631072252","unity_version":"2021.1.3f1","command_line_arguments":"C:\\Program Files\\Unity\\Hub\\Editor\\2021.1.3f1\\Editor\\Unity.exe -projectpath D:\/4Y.CS.1T\/CS174 - Machine Learning\/Agent\/Reinforcement Learning for Simulating Personal Carrier UAV -useHub -hubIPC -cloudEnvironment production -hubSessionId f558b380-104d-11ec-8a52-df65907d7a78 -accessToken PXw0PqrHZaFw8jygyb8GY3HzYptwXoGtseA2rKw75CY012f","communication_protocol_version":"1.5.0","com.unity.ml-agents_version":"2.1.0-exp.1","scene_name":"TrainingScene","end_time_seconds":"1631091085"}}