{"count":1,"self":2856.204288,"total":21241.1491756,"children":{"InitializeActuators":{"count":15,"self":0.0019921,"total":0.0019921,"children":null},"InitializeSensors":{"count":15,"self":0.010946899999999999,"total":0.010946899999999999,"children":null},"AgentSendState":{"count":666821,"self":15.467364799999999,"total":9254.699641199999,"children":{"CollectObservations":{"count":2000475,"self":6.9511072,"total":6.9511068,"children":null},"WriteActionMask":{"count":2000475,"self":2.3771999999999998,"total":2.3771999999999998,"children":null},"RequestDecision":{"count":2000475,"self":12.7605592,"total":9229.9039689,"children":{"AgentInfo.ToProto":{"count":2000475,"self":12.219456,"total":9217.1434095,"children":{"GenerateSensorData":{"count":2000475,"self":106.62104959999999,"total":9204.9239533999989,"children":{"CameraSensor.GetCompressedObservation":{"count":2000475,"self":9098.3030784,"total":9098.3029037,"children":null}}}}}}}}},"DecideAction":{"count":666821,"self":8576.1949696,"total":8576.1947475,"children":null},"AgentAct":{"count":666821,"self":46.258694399999996,"total":189.24747779999998,"children":{"AgentInfo.ToProto":{"count":6038,"self":0.0511369,"total":142.98878399999998,"children":{"GenerateSensorData":{"count":6038,"self":0.41062329999999997,"total":142.9376471,"children":{"CameraSensor.GetCompressedObservation":{"count":6038,"self":142.5270272,"total":142.5270238,"children":null}}}}}}},"AgentInfo.ToProto":{"count":30827,"self":0.30966669999999996,"total":364.7860783,"children":{"GenerateSensorData":{"count":30827,"self":1.9278114,"total":364.4764116,"children":{"CameraSensor.GetCompressedObservation":{"count":30827,"self":362.548608,"total":362.5486002,"children":null}}}}}},"gauges":{"UAVAgent.CumulativeReward":{"count":36865,"max":144.449631,"min":-20.3000011,"runningAverage":13.4692268,"value":5.250022,"weightedAverage":13.6277418}},"metadata":{"timer_format_version":"0.1.0","start_time_seconds":"1634131247","unity_version":"2021.1.3f1","command_line_arguments":"C:\\Program Files\\Unity\\Hub\\Editor\\2021.1.3f1\\Editor\\Unity.exe -projectpath D:\/4Y.CS.1T\/CS174 - Machine Learning\/Agent\/Reinforcement Learning for Simulating Personal Carrier UAV -useHub -hubIPC -cloudEnvironment production -hubSessionId cc2028f0-2bfe-11ec-97d9-937eb3a83222 -accessToken BLMeg86APJqmlrJKwregs1hJWJorqlQakTU_uvCfm0Y012f","communication_protocol_version":"1.5.0","com.unity.ml-agents_version":"2.1.0-exp.1","scene_name":"TrainingScene","end_time_seconds":"1634152488"}}