{"count":1,"self":4906.3968767999995,"total":26217.176534399998,"children":{"InitializeActuators":{"count":15,"self":0.002993,"total":0.002993,"children":null},"InitializeSensors":{"count":15,"self":0.0149588,"total":0.0149588,"children":null},"AgentSendState":{"count":666781,"self":20.497296,"total":10950.760485699999,"children":{"CollectObservations":{"count":2000355,"self":9.8578224,"total":9.8578222999999987,"children":null},"WriteActionMask":{"count":2000355,"self":3.1510822,"total":3.1510822,"children":null},"RequestDecision":{"count":2000355,"self":16.1143248,"total":10917.2542855,"children":{"AgentInfo.ToProto":{"count":2000355,"self":15.6865408,"total":10901.139960299999,"children":{"GenerateSensorData":{"count":2000355,"self":163.5321856,"total":10885.4534202,"children":{"CameraSensor.GetCompressedObservation":{"count":2000355,"self":10721.921433599999,"total":10721.921232499999,"children":null}}}}}}}}},"DecideAction":{"count":666781,"self":10013.5493632,"total":10013.5496599,"children":null},"AgentAct":{"count":666781,"self":48.7569856,"total":79.4886463,"children":{"AgentInfo.ToProto":{"count":2222,"self":0.029206199999999998,"total":30.7316601,"children":{"GenerateSensorData":{"count":2222,"self":0.1869142,"total":30.7024539,"children":{"CameraSensor.GetCompressedObservation":{"count":2222,"self":30.5155392,"total":30.515539699999998,"children":null}}}}}}},"AgentInfo.ToProto":{"count":31436,"self":0.4338992,"total":266.9584139,"children":{"GenerateSensorData":{"count":31436,"self":2.8269254,"total":266.5245147,"children":{"CameraSensor.GetCompressedObservation":{"count":31436,"self":263.6975872,"total":263.6975893,"children":null}}}}}},"gauges":{"UAVAgent.CumulativeReward":{"count":33658,"max":144.149612,"min":-32.99994,"runningAverage":12.1547909,"value":-11.2999992,"weightedAverage":24.5305672}},"metadata":{"timer_format_version":"0.1.0","start_time_seconds":"1633739417","unity_version":"2021.1.3f1","command_line_arguments":"C:\\Program Files\\Unity\\Hub\\Editor\\2021.1.3f1\\Editor\\Unity.exe -projectpath D:\/4Y.CS.1T\/CS174 - Machine Learning\/Agent\/Reinforcement Learning for Simulating Personal Carrier UAV -useHub -hubIPC -cloudEnvironment production -hubSessionId e8730420-2896-11ec-85e9-8b58480dfdaf -accessToken 3JhHPtr1y4oxx-L2qy_FuXbsz_21wm2SvMP_34DXlco012f","communication_protocol_version":"1.5.0","com.unity.ml-agents_version":"2.1.0-exp.1","scene_name":"TrainingScene","end_time_seconds":"1633765634"}}