{"count":1,"self":103.1621376,"total":2062.5856924,"children":{"InitializeActuators":{"count":9,"self":0.0019674,"total":0.0019674,"children":null},"InitializeSensors":{"count":9,"self":0.0019957,"total":0.0019957,"children":null},"AgentSendState":{"count":57747,"self":2.3593319999999998,"total":590.06975349999993,"children":{"CollectObservations":{"count":519723,"self":0.2897474,"total":0.2897474,"children":null},"WriteActionMask":{"count":519723,"self":0.45783189999999996,"total":0.45783189999999996,"children":null},"RequestDecision":{"count":519723,"self":2.095074,"total":586.96284229999992,"children":{"AgentInfo.ToProto":{"count":519723,"self":2.0127862,"total":584.8677682,"children":{"GenerateSensorData":{"count":519723,"self":15.7893584,"total":582.854982,"children":{"CameraSensor.GetCompressedObservation":{"count":519723,"self":567.0656,"total":567.0656235,"children":null}}}}}}}}},"DecideAction":{"count":57747,"self":1366.6378751999998,"total":1366.6378475,"children":null},"AgentAct":{"count":57747,"self":1.0685544999999999,"total":1.409537,"children":{"AgentInfo.ToProto":{"count":241,"self":0.0019942,"total":0.34098249999999997,"children":{"GenerateSensorData":{"count":241,"self":0.008972299999999999,"total":0.33898829999999996,"children":{"CameraSensor.GetCompressedObservation":{"count":241,"self":0.330016,"total":0.330016,"children":null}}}}}}},"AgentInfo.ToProto":{"count":960,"self":0.0080368,"total":1.3004590999999999,"children":{"GenerateSensorData":{"count":960,"self":0.038987799999999996,"total":1.2924223,"children":{"CameraSensor.GetCompressedObservation":{"count":960,"self":1.2534345,"total":1.2534345,"children":null}}}}}},"gauges":{"VisualAgent.CumulativeReward":{"count":1201,"max":99.99905,"min":7.40003,"runningAverage":34.6879044,"value":99.99905,"weightedAverage":98.88666}},"metadata":{"timer_format_version":"0.1.0","start_time_seconds":"1633082560","unity_version":"2021.1.3f1","command_line_arguments":"C:\\Program Files\\Unity\\Hub\\Editor\\2021.1.3f1\\Editor\\Unity.exe -projectpath D:\/4Y.CS.1T\/CS174 - Machine Learning\/Agent\/Reinforcement Learning for Simulating Personal Carrier UAV -useHub -hubIPC -cloudEnvironment production -hubSessionId 00b46ad0-2273-11ec-8f65-f97f8e3acd50 -accessToken Vz2r83dg9R5D9PeoP6WRI6B46R5bcKqhaukG9i_5D0o012f","communication_protocol_version":"1.5.0","com.unity.ml-agents_version":"2.1.0-exp.1","scene_name":"VATrainingScene","end_time_seconds":"1633084623"}}